ID,_Motion,_Description
10000015,211_05_SKILL_01,????
10001015,211_05_SKILL_02,????
10001005,211_05_SKILL_03,??? ???
10002015,211_05_SKILL_04,????
10003015,211_05_SKILL_05,????
10000017,212_05_SKILL_01,??
10001007,212_05_SKILL_03,???? ??
10001017,212_05_SKILL_02,??
10002007,212_05_SKILL_06,??? ??
10003007,212_05_SKILL_05,??? ??
30000007,022_10_03_ATTACKER_ANGER,??
10000014,221_05_SKILL_01,?????
10001004,221_05_SKILL_03,W.????
10001014,221_05_SKILL_02,?????
10002004,221_05_SKILL_04,??????
10003004,221_05_SKILL_05,?????
10000016,223_05_SKILL_01,????
10001006,223_05_SKILL_03,??? ???
10001016,223_05_SKILL_02,????
10002016,223_05_SKILL_04,????
10003016,223_05_SKILL_05,????
10000021,251_05_SKILL_01,???
10001021,251_05_SKILL_03,????
10002021,251_05_SKILL_04,????
10003021,251_05_SKILL_02,???
11009022,480_10_SKILL_01,??
30000027,023_21_27_ELE_CASTING27,??? ??
20000005,060_05_SKILL_01,????
20000006,232_05_SKILL_01,????
20001006,232_05_SKILL_02,?????
20001007,232_05_SKILL_03,?????
30000042,023_21_23_ELE_CASTING23,?? ???
30000043,023_21_24_ELE_CASTING24,?? ???
30000044,023_21_25_ELE_CASTING25,??? ??
30000030,023_21_13_ELE_CASTING13,??? ??[?]
30000033,023_21_15_ELE_CASTING15,F. ??? ??[?]
30000036,023_21_17_ELE_CASTING17,??? ??[?]
30000039,023_21_22_ELE_CASTING22,F. ??? ??[?]
30000028,023_21_29_ELE_CASTING29,?? ??
20000002,233_05_SKILL_01,????
20001002,233_05_SKILL_02,???? ??
20002002,233_05_SKILL_03,??????
30000026,023_21_26_ELE_CASTING26,??? ???
20001003,235_05_SKILL_02,??? ?
20000003,235_05_SKILL_01,??? ???
20002003,235_05_SKILL_03,????
30000029,023_21_28_ELE_CASTING28,?? ??
20000001,234_05_SKILL_01,???
20001001,234_05_SKILL_02,???
20002001,234_05_SKILL_03,???
30000020,022_30_01_MAGICIAN_HP,HP ???
10000013,241_05_SKILL_01,????
10000003,241_05_SKILL_02,????
10001003,241_05_SKILL_03,??? ??
10002013,241_05_SKILL_05,????
10002003,241_05_SKILL_04,??????
10003003,241_05_SKILL_06,?????
10000018,243_05_SKILL_01,????
10000008,243_05_SKILL_02,?? ???
10001008,243_05_SKILL_03,?? ???
10002008,243_05_SKILL_04,???????
10002018,243_05_SKILL_05,??????
10000019,244_05_SKILL_01,????
10000009,244_05_SKILL_02,??? ?
10001009,244_05_SKILL_03,??? ?
10002009,244_05_SKILL_04,???????
10003009,244_05_SKILL_05,??????
30000045,022_40_01_INVESTIGATOR_GOLDRUSH,????? ?
30001021,311_01_DASH,?? ??
20000004,023_21_13_ELE_CASTING13,??? ??
30000008,022_10_04_ATTACKER_BERSERKDRIVE,???
30000108,022_10_03_ATTACKER_ANGER,??
30000550,311_10_skill_01,??? ??
10005020,371_10_skill_02,?? ?
10006020,371_10_skill_01,??
10000020,371_05_SKILL_01,???
10003020,371_05_SKILL_04,??? ???
10001020,371_05_SKILL_03,???
10002020,371_05_SKILL_02,????
10004020,371_05_SKILL_05,???
30000140,351_10_SKILL_01,???? ??
10000002,201_05_SKILL_01,????
10000012,201_05_SKILL_02,???? ?
10000001,201_05_SKILL_05,???
10001001,201_05_SKILL_07,???
10001002,201_05_SKILL_04,???
10002001,201_05_SKILL_03,???
10002012,201_05_SKILL_06,???
10001022,380_05_SKILL_02,????
10000022,380_05_SKILL_01,?????
10002022,380_05_SKILL_03,?????
10003022,380_05_SKILL_04,????
10004015,301_05_SKILL_01,???? II
10005005,301_05_SKILL_03,??? ??? II
10005015,301_05_SKILL_02,???? II
10006010,301_10_SKILL_01,??
10007010,301_10_SKILL_02,????
10007005,301_05_SKILL_07,??? ?? II
10007015,301_05_SKILL_06,???? II
10006015,301_05_SKILL_04,???? II
10004017,302_05_SKILL_01,?? II
10005007,302_05_SKILL_03,???? ?? II
10005017,302_05_SKILL_02,?? II
10006007,302_05_SKILL_06,??? ?? II
10007007,302_05_SKILL_05,??? ?? II
10007027,302_10_SKILL_01,?? ??
10007037,302_10_SKILL_02,???? ??
10007017,302_05_SKILL_07,???? II
30000123,022_10_03_ATTACKER_ANGER,??? ?
30000111,022_10_06_ATTACKER_THREAT EYES,???? ??
10004014,321_05_SKILL_01,????? II
10005004,321_05_SKILL_03,W.???? II
10005014,321_05_SKILL_02,????? II
10006004,321_05_SKILL_04,?????? II
10006101,321_10_SKILL_01,???? ??
10007004,321_05_SKILL_05,????? II
10006102,322_10_SKILL_01,?? ???
10007014,321_05_SKILL_06,????? II
10004016,323_05_SKILL_01,???? II
10005006,323_05_SKILL_03,??? ??? II
10005016,323_05_SKILL_02,???? II
10006016,323_05_SKILL_04,???? II
10006201,323_10_SKILL_01,?? ????
10006202,324_10_SKILL_01,?? ???
10007016,323_05_SKILL_05,???? II
10007006,323_05_SKILL_06,????? II
20004101,345_10_skill_01,??? ??
20004102,345_10_skill_02,??? ????
20004103,345_10_skill_03,??? ??
20004002,233_05_SKILL_01_Lv2,???? II
20005002,233_05_SKILL_02_Lv2,???? ?? II
20006002,233_05_SKILL_03_Lv2,?????? II
20007002,343_05_SKILL_04,???? ?? II
20004003,345_05_SKILL_01,??? ??? II
20004020,345_05_SKILL_02,???? II
20006003,345_05_SKILL_03,???? II
20007003,345_05_SKILL_04,??? ???? II
20004001,234_05_SKILL_01_Lv2,??? II
20005001,234_05_SKILL_03_Lv2,??? II
20006001,234_05_SKILL_02_Lv2,??? II
20007001,344_05_SKILL_04,??? II
30000346,023_21_29_ELE_CASTING29,?? ?? II
20004006,342_05_SKILL_01,???? II
20005006,342_05_SKILL_02,????? II
20006006,342_05_SKILL_03,????? II
20007006,342_05_SKILL_04,???? II
10004013,361_05_SKILL_01,???? II
10004003,361_05_SKILL_02,???? II
10005003,361_05_SKILL_03,??? ?? II
10006013,361_05_SKILL_05,???? II
10006003,361_05_SKILL_04,?????? II
10007003,361_05_SKILL_06,????? II
10007100,361_10_SKILL_01,??
10007101,361_10_SKILL_02,????
10007013,361_05_SKILL_07,???? II
10004018,363_05_SKILL_01,???? II
10004008,363_05_SKILL_02,?? ??? II
10005008,363_05_SKILL_03,?? ??? II
10005100,363_10_SKILL_01,??? ???
10006008,363_05_SKILL_04,??????? II
10005101,363_10_SKILL_02,??? ?
10007008,363_05_SKILL_06,??? ??? II
10006018,363_05_SKILL_05,?????? II
10004019,364_05_SKILL_01,???? II
10004009,364_05_SKILL_02,??? ? II
10005009,364_05_SKILL_03,??? ? II
10005200,364_10_SKILL_01,????
10006009,364_05_SKILL_04,??????? II
10006019,364_05_SKILL_06,????? II
10005201,364_10_SKILL_02,?? ?
10007009,364_05_SKILL_05,?????? II
10007019,364_05_SKILL_07,????? II
10004001,331_05_SKILL_08,??? II
10000101,331_05_SKILL_05,???II
10000102,331_05_SKILL_01,????II
10005002,331_05_SKILL_04,??? II
10006012,331_05_SKILL_06,??? II
10000112,331_05_SKILL_02,???? ?II
10001101,331_05_SKILL_07,???II
10006001,331_05_SKILL_03,??? II
10006002,331_05_SKILL_10,????? II
10007012,331_05_SKILL_11,??? II
10007001,331_05_SKILL_09,??? II
10000109,331_10_SKILL_01,????
10000110,331_10_SKILL_02,???
11004015,301_05_SKILL_01,???? III
11005005,401_05_SKILL_03,??? ??? III
11005015,301_05_SKILL_02,???? III
11060100,301_10_SKILL_01,?? II
11006015,301_05_SKILL_04,???? III
11007005,301_05_SKILL_07,??? ?? III
11070100,301_10_SKILL_02,???? II
11007015,301_05_SKILL_06,???? III
11009005,401_08_SKILL_01,??? ????
11009105,401_08_SKILL_02,?(爆)
11009305,401_08_SKILL_04,??? ??
11009405,401_08_SKILL_05,???
11009205,401_08_SKILL_03,C.???
11095050,401_09_skill_06,?????
11096050,401_10_skill_04,????
11096051,401_10_skill_05,????
11096052,401_10_skill_06,????
10008005,401_05_SKILL_08,?????
11004017,302_05_SKILL_01,?? III
11005007,402_05_SKILL_03,???? ?? III
11005017,302_05_SKILL_02,?? III
11006007,402_05_SKILL_06,??? ?? III
11007007,302_05_SKILL_05,??? ?? III
11007027,302_10_SKILL_01,?? ?? II
11007037,302_10_SKILL_02,???? ?? II
11007017,302_05_SKILL_07,???? III
11009007,402_08_SKILL_01,?? ?(天)
11009107,402_08_SKILL_02,?? ?(風)
11009207,402_08_SKILL_03,?? ?(雷)
10008007,402_05_SKILL_08,????
11009307,402_10_SKILL_03,??? ??
11009407,402_10_SKILL_04,??? ??
11109407,402_10_SKILL_05,??? ??
30000010,022_10_06_ATTACKER_THREAT EYES,???? ??II
11000550,311_10_skill_01,?????II
11009021,411_08_SKILL_01,??? ????
10008021,311_05_SKILL_05,?????
11000650,411_10_skill_02,?? ????
11004014,421_05_SKILL_01,????? III
11005004,421_05_SKILL_02,W.???? III
11005014,321_05_SKILL_02,????? III
11006004,321_05_SKILL_04,?????? III
11006101,321_10_SKILL_01,???? ?? II
11007004,421_05_SKILL_04,????? III
11006102,322_10_SKILL_01,?? ???II
11007014,321_05_SKILL_06,????? III
10008004,421_05_SKILL_08,???? ????
11009204,421_08_SKILL_03,?? ???
11009004,421_08_SKILL_01,?? ???
11009304,421_10_skill_03,????
11009404,421_10_skill_04,??? ?
11009104,421_08_SKILL_02,? ?????
11004016,323_05_SKILL_01,???? III
11005006,323_05_SKILL_03,"??? ??? II, III"
11005016,423_05_SKILL_02,???? III
11006016,323_05_SKILL_04,???? III
11006201,323_10_SKILL_01,?? ????II
11006202,324_10_SKILL_01,?? ???II
11007016,323_05_SKILL_05,???? III
11007006,323_05_SKILL_06,????? III
10008006,423_05_SKILL_08,?? ? ?
11009106,423_08_SKILL_02,?? ??
11009006,423_08_SKILL_01,?? ???
11009306,423_10_SKILL_02,?? ???
11009406,423_10_SKILL_03,?? ???
30000032,023_21_13_ELE_CASTING13,??? ??[?]
30000015,022_20_03_DEFENDER_P SHIELD,??? ??
30000014,022_20_02_DEFENDER_GUARDIMPACT,?????
21004006,342_05_SKILL_01,???? III
21005006,342_05_SKILL_02,????? III
21004102,345_10_skill_02,??? ??II
21005007,342_05_SKILL_03,????? III
21004101,345_10_skill_01,??? ????II
21007006,342_05_SKILL_04,???? III
21004103,345_10_skill_03,??? ??II
20008006,442_05_SKILL_05,??? ???
21009106,445_08_SKILL02,??? ?? ??
21009006,445_08_SKILL01,????
21009301,445_08_SKILL04,?? ?
21004104,442_10_skill_01,??? ???
21009201,445_08_SKILL03,? ?? ???
21004002,233_05_SKILL_01_Lv3,???? III
21005002,233_05_SKILL_02_Lv3,???? ?? III
21006002,233_05_SKILL_03_Lv3,?????? III
21007002,343_05_SKILL_04,???? ?? III
20008002,443_05_SKILL_05,??? ???
21009102,445_08_SKILL02,??? ?? ??
21009002,445_08_SKILL01,????
21004105,443_10_skill_01,???? ??
21004205,443_10_skill_02,???? ??
21004305,443_10_skill_03,???? ??
20008003,445_05_SKILL_05,??? ???
21009103,445_08_SKILL02,??? ?? ???
21009003,445_08_SKILL01,????
21004106,445_10_SKILL_04,???? ???
21000003,345_05_SKILL_01,??? ???III
21001003,345_05_SKILL_02,??? ???III
21006003,345_05_SKILL_03,???? III
20003003,345_05_SKILL_04,??? ????III
21004001,234_05_SKILL_01_Lv3,??? III
21005001,234_05_SKILL_03_Lv3,??? III
21006001,234_05_SKILL_02_Lv3,??? III
21007001,344_05_SKILL_04,??? III
20008001,444_05_SKILL_05,?????
21009101,445_08_SKILL02,??? ?? ??
21009001,445_08_SKILL01,????
21004107,444_10_skill_01,???
21104107,444_10_skill_02,???
21204107,444_10_skill_03,???
30000023,022_30_04_MAGICIAN_PROTECTION,??? ??
30001026,351_06_SKILL_05,??? ??
30001005,351_05_SKILL_05,??? ??
30001001,351_05_SKILL_01,????  ?
30001022,351_06_SKILL_01,????  ???
31000140,351_10_SKILL_01,???? ??II
10008023,351_01_SKILL08,?? ??
11008000,451_10_skill_02,??? ??
11008001,451_10_skill_03,??? ??
30001018,451_08_SKILL_01,??? ??II
30001016,451_08_SKILL_02,????
30001002,351_06_SKILL_02,??? ??
30001017,451_08_SKILL_03,??? ??II
30000022,022_30_03_MAGICIAN_PURIFICATION,??
30001025,351_06_SKILL_04,????  ???
10008003,461_05_SKILL_08,??? ????
11004013,361_05_SKILL_01,???? III
11004003,361_05_SKILL_02,???? III
11005003,361_05_SKILL_03,??? ?? III
11006013,361_05_SKILL_05,???? III
11006003,361_05_SKILL_04,?????? III
11007003,361_05_SKILL_06,????? III
11007100,361_10_SKILL_01,??II
11007101,361_10_SKILL_02,????II
11007013,361_05_SKILL_07,???? III
11007023,461_10_SKILL_03,??
11007033,461_10_SKILL_04,??? ??
11009003,461_08_SKILL_01,???
11009303,022_10_06_ATTACKER_THREAT EYES,??? ???
11009403,461_09_SKILL_06,EP ??
11009203,461_09_SKILL_01,??? ??!!
11009103,461_09_SKILL_02,??? ??
10008008,463_05_SKILL_07,?? ????
11004018,463_05_SKILL_01,???? III
11004008,363_05_SKILL_02,?? ??? III
11005008,463_05_SKILL_03,?? ??? III
11006008,363_05_SKILL_04,??????? III
11006018,363_05_SKILL_05,?????? III
11007008,363_05_SKILL_06,??? ??? III
11005100,363_10_SKILL_01,??? ???II
11005101,363_10_SKILL_02,????II
11008008,463_10_SKILL_03,??? ??
11108008,463_10_SKILL_04,??? ??
11208008,463_10_SKILL_05,??? ??
11008018,463_10_SKILL_06,??
11009108,463_08_SKILL_03,?? ???
11009908,463_08_SKILL_02,??? ?
11009008,463_08_SKILL_01,???
10008009,464_05_SKILL_08,????
11004019,464_05_SKILL_01,???? III
11004009,364_05_SKILL_02,??? ? III
11005009,464_05_SKILL_03,??? ? III
11007009,364_05_SKILL_05,?????? III
11006009,364_05_SKILL_04,??????? III
11006019,364_05_SKILL_06,????? III
11005201,364_10_SKILL_02,?? ?II
11005200,364_10_SKILL_01,????II
11007019,364_05_SKILL_07,????? II
11008009,464_10_skill_03,????
11108009,464_10_skill_04,????
11208009,464_10_skill_05,????
11008019,464_10_skill_06,?????
11009109,464_08_SKILL_02,??? ??
11009009,464_08_SKILL_01,??? ??
30000047,022_40_04_INVESTIGATOR_UNLOCK,??? ??
30000048,022_40_05_INVESTIGATOR_EXIT,?? ??
30000046,022_40_02_INVESTIGATOR_LUCKY,??? ??
30000050,022_40_07_INVESTIGATOR_UNLAWFUL,???
11009409,463_08_SKILL_01,?? ??
11009209,461_09_SKILL_04,C4 ??
11009309,461_09_SKILL_05,C4 ??
30001019,471_09_Reload,BP ??
10008020,471_07_SKILL_05,?? ????
11000020,471_05_SKILL_01,???II
11001020,471_05_SKILL_03,???II
11002020,471_05_SKILL_02,????II
11002050,371_10_SKILL_01,?? ?II
11003020,471_05_SKILL_04,??? ???II
11002051,371_10_SKILL_02,??II
11004020,471_09_SKILL_01,???_??
11005020,471_09_SKILL_02,???_??
11000120,471_10_skill_03,???? ?
11000220,471_10_skill_04,????
11006020,471_08_SKILL_01,????
11007020,471_08_SKILL_02,??? ??
11008020,471_08_SKILL_04,????? ?
30000005,022_10_01_ATTACKER_CONCENTRATION,????
30001008,471_06_SKILL_01,?? ??
31001012,471_07_SKILL_01,?? ??(??)
30001009,471_06_SKILL_02,?? ??
31001013,471_07_SKILL_02,?? ??(??)
30001010,471_06_SKILL_03,?? ??
31001014,471_07_SKILL_03,?? ??(??)
30001011,471_06_SKILL_04,??? ??
31001015,471_07_SKILL_04,??? ??(??)
10008022,380_05_SKILL_06,?????
11001022,480_05_SKILL_02,????
11000022,480_05_SKILL_01,?????
11002022,480_05_SKILL_03,?????
11003022,480_05_SKILL_04,????
11006022,480_08_SKILL_01,MAX_Power
11007022,480_08_SKILL_02,ReCharge
11005022,480_08_SKILL_03,?? ??
10008001,431_05_SKILL_12,?????
11000101,431_05_SKILL_05,???III
11000102,431_05_SKILL_01,????III
11006012,331_05_SKILL_06,??? III
11005002,431_05_SKILL_04,??? III
11000112,431_05_SKILL_02,???? ?III
11001101,331_05_SKILL_07,???III
11004001,331_05_SKILL_08,??? III
11006001,431_05_SKILL_03,??? III
11007012,331_05_SKILL_11,??? III
11006002,331_05_SKILL_10,????? III
11007001,431_05_SKILL_09,??? III
11000110,331_10_SKILL_02,???II
11009301,431_08_SKILL_04,C.??
11000109,331_10_SKILL_01,????II
11000111,431_10_skill_03,???
11009101,431_08_SKILL_02,???
11009201,431_08_SKILL_03,???
11009001,431_08_SKILL_01,???
11000113,431_10_skill_04,???
10005012,331_07_SKILL_02,?? ??
30000018,022_20_06_DEFENDER_BRAVE SHOUT,???? ??
30000051,022_20_08_DEFENDER_ALLMOVE,?? ??
30000052,022_20_09_DEFENDER_ALLATTACK,?? ??
30000053,022_20_10_DEFENDER_ALLDEFENCE,?? ??
10000004,221_05_SKILL_03,????
10000005,221_05_SKILL_03,????
10000006,221_05_SKILL_03,????
10000007,221_05_SKILL_03,????
10001012,221_05_SKILL_03,????
10001013,221_05_SKILL_03,????
10001018,221_05_SKILL_03,????
10001019,221_05_SKILL_03,????
10002002,221_05_SKILL_03,????
10002005,221_05_SKILL_03,????
10002006,221_05_SKILL_03,????
10002014,221_05_SKILL_03,????
10002017,221_05_SKILL_03,????
10002019,221_05_SKILL_03,????
10003001,221_05_SKILL_03,????
10003002,221_05_SKILL_03,????
10003005,221_05_SKILL_03,????
10003006,221_05_SKILL_03,????
10003008,221_05_SKILL_03,????
10003012,221_05_SKILL_03,????
10003013,221_05_SKILL_03,????
10003014,221_05_SKILL_03,????
10003017,221_05_SKILL_03,????
10003018,221_05_SKILL_03,????
10003019,221_05_SKILL_03,????
10004002,221_05_SKILL_03,????
10004004,221_05_SKILL_03,????
10004005,221_05_SKILL_03,????
10004006,221_05_SKILL_03,????
10004007,221_05_SKILL_03,????
10004012,221_05_SKILL_03,????
10005001,221_05_SKILL_03,????
10005013,221_05_SKILL_03,????
10005018,221_05_SKILL_03,????
10005019,221_05_SKILL_03,????
10006005,221_05_SKILL_03,????
10006006,221_05_SKILL_03,????
10006014,221_05_SKILL_03,????
10006017,221_05_SKILL_03,????
10007002,221_05_SKILL_03,????
10007018,221_05_SKILL_03,????
20001004,221_05_SKILL_03,????
20001005,221_05_SKILL_03,????
20002004,221_05_SKILL_03,????
20003001,221_05_SKILL_03,????
20003002,221_05_SKILL_03,????
20003006,221_05_SKILL_03,????
20004004,221_05_SKILL_03,????
20004005,221_05_SKILL_03,????
20005003,221_05_SKILL_03,????
20005004,221_05_SKILL_03,????
20005005,221_05_SKILL_03,????
20005007,221_05_SKILL_03,????
20006004,221_05_SKILL_03,????
30000001,022_10_00_ATTACKER,??? ?? ??? ???
30000002,022_20_00_DEFENDER,??? ?? ??? ???
30000003,022_30_00_MAGICIAN,??? ?? ??? ???
30000004,022_40_00_INVESTIGATOR,??? ?? ??? ???
30000006,022_10_02_ATTACKER_OVERWHELMING,????
30000009,022_10_05_ATTACKER_OVERWHELM EYES,???? ??
30000011,022_10_07_ATTACKER_COUNTER GUARD,?? ???
30000012,022_10_08_ATTACKER_COUNTER ATTACK,??
30000013,022_20_01_DEFENDER_TIMING GUARD,????
30000016,022_20_04_DEFENDER_MAGIC EVASION,????
30000017,022_20_05_DEFENDER_ENCOURAGEMENT SHOUT,???? ??
30000019,022_20_07_DEFENDER_TARGET,??
30000021,022_30_02_MAGICIAN_SP,SP ???
30000024,022_30_05_MAGICIAN_MAGIC SP,?? ???
30000025,022_30_06_MAGICIAN_SP TRANSFER,SP ??
30000031,023_21_13_ELE_CASTING13,??? ??[?]
30000034,023_21_15_ELE_CASTING15,F. ??? ??[?]
30000035,023_21_15_ELE_CASTING15,F. ??? ??[?]
30000037,023_21_17_ELE_CASTING17,??? ??[?]
30000038,023_21_17_ELE_CASTING17,??? ??[?]
30000040,023_21_22_ELE_CASTING22,F. ??? ??[?]
30000041,023_21_22_ELE_CASTING22,F. ??? ??[?]
30000049,022_40_06_INVESTIGATOR_ATTACK,??? ???
30000054,022_30_07_MAGICIAN_HOLY SPIRIT,??? ??
30001003,351_05_SKILL_03,??3
30001004,351_05_SKILL_04,??4
30001012,371_07_SKILL_01,?? ?? ??
30001013,371_07_SKILL_02,?? ?? ??
30001014,371_07_SKILL_03,?? ?? ??
30001015,371_07_SKILL_04,??? ?? ??
40000001,100_04_01_EMOTICON01,????
40000002,100_04_02_EMOTICON02,???
40000003,100_04_03_EMOTICON03,????
40000004,100_04_04_EMOTICON04,???
40000005,100_04_05_EMOTICON05,???? ??
40000006,100_04_06_EMOTICON06,???? ???
40000007,100_04_07_EMOTICON07,???? ?? ??
40000008,100_04_08_EMOTICON08,??
40000009,100_04_09_EMOTICON09,????
40000010,100_04_10_EMOTICON10,????
40000011,100_04_11_EMOTICON11,??????
40000012,100_04_12_EMOTICON12,??
40000013,100_04_13_EMOTICON13,?????
40000014,100_04_14_EMOTICON14,???
40000015,100_04_15_EMOTICON15,?????
40000016,100_04_16_EMOTICON16,?????
40000017,100_04_17_EMOTICON17,?????
40000018,100_04_18_EMOTICON18,????
40000019,100_04_19_EMOTICON19,????
40000020,100_04_20_EMOTICON20,????
40000021,100_04_21_EMOTICON21,??? ???
40000022,100_04_22_EMOTICON22,??
40000023,100_04_23_EMOTICON23,????
40000024,100_04_24_EMOTICON24,???
40000025,100_04_25_EMOTICON25,??????
40000026,100_04_26_EMOTICON26,????
40000027,100_04_27_EMOTICON27,???
40000028,100_04_67_EMOTICON67,?????
40000029,100_04_29_EMOTICON29,????
40000030,100_04_30_EMOTICON30,?????
40000031,100_04_31_EMOTICON31,????
40000032,100_04_32_EMOTICON32,????
40000033,100_04_33_EMOTICON33,????
40000034,100_04_34_EMOTICON34,??
40000035,100_04_35_EMOTICON35,??
40000036,100_04_36_EMOTICON36,?
40000037,100_CBT,CBT ?? ??
40000042,021_13_01_cheer01,?? ???
40000043,021_13_02_cheer02,???
40000044,021_13_03_cheer03,?? ??
40000045,021_13_04_cheer04,?? ??
40000046,021_15_01_opendoor,??? ??!
40000047,100_04_41_EMOTICON41,???
40000048,100_04_42_EMOTICON42,???
40000049,100_04_43_EMOTICON43,???
40000050,100_04_44_EMOTICON44,???
40000051,100_04_45_EMOTICON45,????
40000052,100_04_47_EMOTICON47,??? ??
40000053,100_04_48_EMOTICON48,??? ??
40000054,100_04_46_EMOTICON46,??? ????
40000055,100_ladecking_01,?? 1?
40000056,100_ladecking_02,?? 2?
40000057,100_ladecking_03,?? 3?
40000058,100_04_49_EMOTICON49,?????
40000059,100_04_50_EMOTICON50,?????
40000060,021_SNOW_ATTACK,????? ??
40000061,100_dance_pass,?? ??
50000001,022_20_01_GUARDDASH,??? ???? ??
50000002,022_30_01_BLINK,??? ??? ??
50000003,022_40_01_BACKDASH,??? ??? ??
50000004,021_05_01_DIGGING,?? ??
50000005,021_06_01_LIGHTING,? ??? ??
50000006,021_07_01_FAR_JUMP,?????? ??
50000007,021_09_08_UNLOCK,??? ??
50000008,021_08_01_HOE,?? ??
50000009,021_11_03_football_shoot01,?????
50000010,021_11_04_football_centering01,?????2
50000011,021_16_01_dot_attack,???? ???
50000012,021_17_01_DRILL,?? Lv.2
50000013,021_DRILL_pet,? ??
50000014,021_dancepet,? ????
90000001,023_GM,GM ?? ?? ??
90000002,021_14_01_Halloween01,??? ????
30001023,351_06_SKILL_02,?? ? II
30001024,351_06_SKILL_03,?? ? III
40000062,100_04_51_EMOTICON51,?????
40000063,100_04_52_EMOTICON52,?????
40000064,100_04_53_EMOTICON53,????
40000065,100_04_54_EMOTICON54,????
40000066,100_04_55_EMOTICON55,???
40000067,100_04_56_EMOTICON56,???? ??
40000068,100_04_57_EMOTICON57,????
40000069,100_04_58_EMOTICON58,??????01
40000070,100_04_59_EMOTICON59,??????02
40000071,100_04_60_EMOTICON60,??????03
40000072,100_04_61_EMOTICON61,?????
40000073,100_04_62_EMOTICON62,????
40000074,100_04_63_EMOTICON63,????
40000075,100_04_64_EMOTICON64,????? ??
40000076,100_04_65_EMOTICON65,????
40000077,100_04_66_EMOTICON66,??
50000015,021_bow_man,????
40000078,100_dancelatale,?? ??
30001027,351_07_SKILL_01,?? ??!
40000079,100_china greeting,??
40000080,100_user_congratulation,???
50000016,223_02_ATTACK_A_01,????
50000017,021_event_fireattack,??? ??
50000018,023_21_36_ELE_CASTING36,??????
40000081,100_04_69_EMOTICON69,????
40000082,100_04_70_EMOTICON70,????
40000083,100_04_71_EMOTICON71,Step by Step
40000084,100_china_money,????
40000085,100_revolution,??(??)
40000086,100_chinese compliment,??????
50000019,021_make fly,?? ★ ????
50000020,021_J_Attack,?? ??
40000090,021_F_Attack,????
40000091,100_helloween01,??? ONE
40000092,100_helloween02,??? TWO
40000093,100_helloween03,??? THREE
50000605,021_Counterattack,?? ★ ???
54860000,040_04_01_Wedding_Female,??? ??_01
54860001,040_04_02_Wedding_Female,??? ??_02
54860002,040_04_02_Wedding_Female,??? ??_03
54860003,040_04_04_Wedding_Female,??? ??_04
54860004,040_04_05_Wedding_Female,??? ??_05
54860005,040_04_06_Wedding_Female,??? ??_06
54860006,040_04_07_Wedding_Female,??? ??_07
54860007,040_04_08_Wedding_Female,??? ??_08
54860010,040_04_01_Wedding_male,??? ??_01
54860011,040_04_02_Wedding_male,??? ??_02
54860012,040_04_02_Wedding_male,??? ??_03
54860013,040_04_04_Wedding_male,??? ??_04
54860014,040_04_05_Wedding_male,??? ??_05
54860015,040_04_06_Wedding_male,??? ??_06
54860016,040_04_07_Wedding_male,??? ??_07
54860017,040_04_08_Wedding_male,??? ??_08
54860018,040_01_01_ProposeStart,???? ??_1
54860019,040_01_02_ProposeWait,???? ??_2
54860020,040_02_01_ProposeSuccess,???? ??_3
54860021,040_02_01_ProposeAgree,???? ??_4
54860022,040_03_01_ProposeFoot,???? ??_5
54860023,040_03_02_ProposeSorry,???? ??_6
30001302,221_05_SKILL_03,????
10004022,380_05_SKILL_05,????_??5
54860024,040_04_08_couple_skill_01,?? ?? ??(??)
54860025,040_04_08_couple_skill_02,?? ?? ??(??)
54860026,040_04_08_couple_skill_03,?? ?? ??(??)
54860027,040_04_09_Wedding,?? ???
40000094,100_04_72_EMOTICON72,?????
40000095,100_good job,GOODJOB
40000096,100_04_73_EMOTICON73,?? ??
40000097,100_korea_money_one,?? ????(One)
40000098,100_korea_money_two,?? ????(Two)
50000801,021_GuildSkill_Obe,????_??
50000024,021_HeartAtt,????[???]
50000025,021_event_watermelon_attack,????[???]
50000026,021_3yearBirthday,3?? ?? ??
40000099,100_korea_money_two,?? ????(Two)
40000100,100_korea_money_two,?? ????(Two)
40000101,100_korea_money_two,?? ????(Two)
40000102,100_korea_money_two,?? ????(Two)
40000103,100_korea_money_two,?? ????(Two)
40000104,100_korea_money_two,?? ????(Two)
40000105,100_3yearEVENT,3?? ????
40000106,100_moonwalk,???
11004002,221_05_SKILL_03,????
11004004,221_05_SKILL_03,????
11004005,221_05_SKILL_03,????
11004006,221_05_SKILL_03,????
11004007,221_05_SKILL_03,????
11004012,221_05_SKILL_03,????
11005001,221_05_SKILL_03,????
11005012,221_05_SKILL_03,????
11005013,221_05_SKILL_03,????
11005018,221_05_SKILL_03,????
11005019,221_05_SKILL_03,????
11006005,221_05_SKILL_03,????
11006006,221_05_SKILL_03,????
11006014,221_05_SKILL_03,????
11006017,221_05_SKILL_03,????
11007002,221_05_SKILL_03,????
11007018,221_05_SKILL_03,????
11004022,221_05_SKILL_03,????
21004003,221_05_SKILL_03,????
21004004,221_05_SKILL_03,????
21004005,221_05_SKILL_03,????
21005003,221_05_SKILL_03,????
21005004,221_05_SKILL_03,????
21005005,221_05_SKILL_03,????
21006004,221_05_SKILL_03,????
21007003,221_05_SKILL_03,????
50000027,021_translation,??? ??
50000028,021_collection,??
90000003,023_GM_front,GM_?? ???
50000032,100_04_74_EMOTICON74,???_????
10000025,521_05_SKILL_01,?????_1?
10001025,521_05_SKILL_02,?????_2?
10002025,521_05_SKILL_03,?????_3?
10003025,521_05_SKILL_04,?????_4?
10004025,521_05_SKILL_05,?????_5?
10000023,501_05_SKILL_01,????_1?
10001023,501_05_SKILL_02,????_2?
10002023,501_05_SKILL_03,????_3?
10003023,501_05_SKILL_04,????_4?
10000024,511_05_SKILL_01,????_1?
10001024,511_05_SKILL_02,????_2?
10011024,511_05_SKILL_03,????_2?
10021024,511_05_SKILL_04,????_2?
10002024,511_05_SKILL_05,????_3?
10003024,511_05_SKILL_06,????_4?
10004024,511_05_SKILL_07,????_5?
10005024,511_05_SKILL_08,????_6?
10015024,511_05_SKILL_09,????_6?
10025024,511_05_SKILL_10,????_6?
10000026,531_05_SKILL_01,????_?
10001026,531_05_SKILL_02,????_???
10002026,531_05_SKILL_03,????_????
10003026,531_05_SKILL_04,????_??
10004026,531_05_SKILL_05,????_???
10005026,531_05_SKILL_06,????_?????
10000027,541_05_SKILL_01,??? ?
10001027,541_05_SKILL_02,?? ??
10002027,541_05_SKILL_03,????
10003027,541_05_SKILL_04,??????_1
10013027,541_05_SKILL_05,??????_2
10023027,541_05_SKILL_06,??????_3
10004027,541_05_SKILL_07,?? ??
10005027,541_05_SKILL_08,??? ??
10000028,551_05_SKILL_01,?????_1?
10001028,551_05_SKILL_02,?????_2?
10002028,551_05_SKILL_03,?????_3?
10003028,551_05_SKILL_04,?????_4?
10004028,551_05_SKILL_05,?????_5?
10005028,551_05_SKILL_06,?????_6?_1
10015028,551_05_SKILL_07,?????_6?_2
10025028,551_05_SKILL_08,?????_6?_3
10006028,551_05_SKILL_09,?????_7?
10007028,551_05_SKILL_10,?????_8?
10008028,551_05_SKILL_11,?????_9?
10000031,581_05_SKILL_01,????_1?
10001031,581_05_SKILL_01,????_2?
10002031,581_05_SKILL_02,????_3?
10003031,581_05_SKILL_01,????_4?
10004031,581_05_SKILL_01,????_5?
10005031,581_05_SKILL_03,????_6?
10006031,581_05_SKILL_04,????_7?
10007031,581_05_SKILL_05,????_8?
10000029,561_05_SKILL_01,?????_1?
10001029,561_05_SKILL_02,?????_2?
10002029,561_05_SKILL_03,?????_3?
10003029,561_05_SKILL_04,?????_4?_1
10013029,561_05_SKILL_05,?????_4?_2
10004029,561_05_SKILL_06,?????_5?
10005029,561_05_SKILL_07,?????_6?_1
10015029,561_05_SKILL_08,?????_6?_2
10006029,561_05_SKILL_09,?????_7?
10000030,571_05_SKILL_01,????_1?
10001030,571_05_SKILL_02,????_2?
10002030,571_05_SKILL_03,????_3?
10003030,571_05_SKILL_04,????_4?
10004030,571_05_SKILL_05,????_5?
10005030,571_05_SKILL_06,????_6?
10010030,571_05_SKILL_01_G,????_1?
10011030,571_05_SKILL_02_G,????_2?
10012030,571_05_SKILL_03_G,????_3?
10013030,571_05_SKILL_04_G,????_4?
10014030,571_05_SKILL_05_G,????_5?
10015030,571_05_SKILL_06_G,????_6?
50000107,021_11_03_football_overkick,?????
50000108,021_11_03_football_heading,??
50000033,023_GM_front,??_??????
40000108,100_04_76_EMOTICON76,????
40000109,100_04_75_EMOTICON75,??? ??
50000110,021_05_01_DIGGING,??? ??
50000111,021_19_01_FIREFIGHT,????
50000112,100_04_77_EMOTICON77,????
40000110,100_04_80_EMOTICON80,???
10000033,261_05_SKILL_01,?? ??
10001033,261_05_SKILL_02,?? ??
10002033,261_05_SKILL_03,?? ??
10003033,261_05_SKILL_05,?? ????
10004033,261_05_SKILL_04,?? ???
10005033,261_05_SKILL_06,?? ??? ??
10006033,261_05_SKILL_07,?? ????_1
10016033,261_05_SKILL_08,?? ????_2
10026033,261_05_SKILL_09,?? ????_3
10000133,391_05_SKILL_01,?? ??
10010133,391_06_SKILL_01,???
10001133,391_05_SKILL_02,?? ??
10011133,391_06_SKILL_03,??
10002133,391_05_SKILL_03,?? ??
10012133,391_06_SKILL_04,??
10003133,391_05_SKILL_05,?? ???
10013133,391_06_SKILL_05,??? ??
10004133,391_05_SKILL_04,?? ????
10005133,391_05_SKILL_06,?? ??? ??
10006133,391_05_SKILL_07,?? ????_1
10016133,391_05_SKILL_08,?? ????_2
10026133,391_05_SKILL_09,?? ????_3
10036133,391_05_SKILL_07,?? ????_1
10046133,391_05_SKILL_08,?? ????_2
10056133,391_05_SKILL_09,?? ????_3
11000033,491_05_SKILL_01,?? ??
11001033,491_05_SKILL_02,?? ??
11002033,491_05_SKILL_03,?? ??
11003033,491_05_SKILL_05,?? ????
11004033,491_05_SKILL_04,?? ???
11005033,491_05_SKILL_06,?? ??? ??
11006033,491_05_SKILL_07,?? ????_1
11016033,491_05_SKILL_08,?? ????_2
11026033,491_05_SKILL_09,?? ????_3
11036033,491_05_SKILL_07,?? ????_1
11046033,491_05_SKILL_08,?? ????_2
11056033,491_05_SKILL_09,?? ????_3
10004134,391_06_SKILL_02,?? ??
10005134,391_06_SKILL_06,??? ???
10006134,391_06_SKILL_02,?? ? ?? ??
11004034,491_06_SKILL_02,?? ??
11005034,491_06_SKILL_06,??? ???
11006034,491_06_SKILL_02,?? ? ?? ??
11010033,491_06_SKILL_01,???
11011033,491_06_SKILL_03,??
11012033,491_06_SKILL_04,??
11013033,491_06_SKILL_05,??? ??
11020033,491_07_SKILL_03,?? ???
11021033,491_07_SKILL_07,????
11022033,491_07_SKILL_08,??? ? ??
11023033,491_07_SKILL_02,??
11004035,491_07_SKILL_04,??? ?1
11014035,491_07_SKILL_05,??? ?2
11024035,491_07_SKILL_06,??? ?3
11005035,491_07_SKILL_01,?? ???
30003306,491_06_SKILL_02,??? ??
40000111,100_04_78_EMOTICON78,[????] 91
40000112,100_04_79_EMOTICON79,[????] 92
40000113,100_04_81_EMOTICON81,[????] 93
40000114,100_04_82_EMOTICON82,[????] 94
30011005,451_05_SKILL_05,??? ??[??]
40000115,100_04_83_EMOTICON83,[????] 95
30001301,251_06_SKILL_01,?? ?? ??
10008027,231_02_ATTACK_B_01,????? ???
10008025,521_02_ATTACK_C_01,??????
40000118,100_04_85_EMOTICON85,[????] ???(??)
40000119,100_04_86_EMOTICON86,[????] ????(??)
50000029,021_06_01_skein,??? ??
40000120,021_13_01_cheer01,[??] ???
40000121,021_13_02_cheer02,[??] ????
40000122,021_13_03_cheer03,[??] ????
40000123,021_13_04_cheer04,[??] ????
40000124,100_04_87_EMOTICON87,?????
40000125,100_04_88_EMOTICON88,???? ??
40000126,100_04_91_EMOTICON91,??????
40000127,100_04_92_EMOTICON92,poke
40000128,100_04_93_EMOTICON93,????
12010033,691_11_SKILL_01,??? ??
12010034,691_11_SKILL_02,?? ???
12010035,691_11_SKILL_03,???? ???
12011033,691_11_SKILL_04,?? ??
12010022,680_11_SKILL_01,??? ?
12011022,680_11_SKILL_02,????
12012022,680_11_SKILL_03,??? ??
12013022,680_11_SKILL_04,Back Up
10105020,671_10_SKILL_02,?? ? III
11100120,671_10_SKILL_03,????? II
11100220,671_10_SKILL_04,?????? II
12010020,671_11_SKILL_01,?????
12010003,661_11_SKILL_01,???? ???
12011003,661_11_SKILL_02,??? ??
12012003,661_11_SKILL_03,???? ?
12010008,663_11_SKILL_01,??? ??
12011008,663_11_SKILL_02,??? ?
12110009,664_11_SKILL_02,??? ??_2
12010009,664_11_SKILL_01,??? ??_1
12011009,664_11_SKILL_03,????? ?
12010005,601_11_SKILL_01,???
12011005,601_11_SKILL_02,????
12012005,601_11_SKILL_03,???
12010007,602_11_SKILL_01,??????
12011007,602_11_SKILL_02,???
12012007,602_11_SKILL_03,???? ??
12112007,602_11_SKILL_04,???? ??
12212007,602_11_SKILL_05,???? ??
12010021,611_11_SKILL_01,?? ????
12010004,621_11_SKILL_01,?? ???
12011004,621_11_SKILL_02,?? ??
12010006,623_11_SKILL_01,?? ????
12110006,623_11_SKILL_02,?? ????
12011006,623_11_SKILL_03,? ???
12010002,631_11_SKILL_01,????
12011002,631_11_SKILL_02,???
12012002,631_11_SKILL_03,???
22010006,642_11_SKILL_01,??? ??
22011006,642_11_SKILL_02,??? ??
22010002,643_11_SKILL_01,?? ????
22011002,643_11_SKILL_02,?? ???
22012002,643_11_SKILL_03,????
22010003,645_11_SKILL_01,??? ?
22110003,645_11_SKILL_02,??? ?
22011003,645_11_SKILL_03,? ????
22010001,644_11_SKILL_01,?????
22011001,644_11_SKILL_02,? ???
12010023,651_11_SKILL_01,??? ???
11109021,611_08_SKILL_01,??? ????
11100650,611_09_SKILL_01,?? ????
21104102,649_11_SKILL_01,??? ??II
21104101,649_11_SKILL_02,??? ????II
40000129,100_04_89_EMOTICON89,??? ?? ??
40000130,100_04_90_EMOTICON90,??? ?? ??
12013004,621_11_SKILL_03,??
40000131,100_04_94_EMOTICON94,????
40000132,100_04_95_EMOTICON95,?????
50000052,030_05_01_NORMAL_ATTACK01,??? ???
40000133,100_04_96_EMOTICON96,?! ???!
40000134,100_04_97_EMOTICON97,? ???~?
10100023,501_05_SKILL_05,???? ??
10110023,501_05_SKILL_06,???? ??_2?
10120023,501_05_SKILL_07,???? ??_3?
10101023,501_05_SKILL_08,???? ??
10100024,511_05_SKILL_11,????
10101024,511_05_SKILL_12,????
10100025,521_05_SKILL_06,????
10101025,521_05_SKILL_07,??? ?
10100026,531_05_SKILL_07,?????-??
10101026,531_05_SKILL_08,?????-???
10100027,541_05_SKILL_09,??? ??
10101027,541_05_SKILL_10,???
10100028,551_05_SKILL_12,?????
10101028,551_05_SKILL_13,????
10100029,561_05_SKILL_10,??_?(幻)_??
10101029,561_05_SKILL_10,??_?(幻)_???
10102029,561_05_SKILL_11,??_?(攪)
10100030,571_05_SKILL_08,????
10101030,571_05_SKILL_09,????
10100031,581_05_SKILL_06,DS-SL1
10101031,581_05_SKILL_07,DM-EMP001
40000135,100_04_98_EMOTICON98,????
40000136,100_04_99_EMOTICON99,??? ????
40000137,100_05_01_EMOTICON01,??? ????
40000138,100_05_02_EMOTICON02,?? ????
36003342,561_05_SKILL_12,????
12105020,471_02_ATTACK_C_01,?? ???
40000140,100_05_05_EMOTICON05,?? ????
40000141,100_05_06_EMOTICON06,????
40000142,100_05_07_EMOTICON07,????
40000143,100_05_03_EMOTICON03,????
40000144,100_05_04_EMOTICON04,????
40000145,100_05_12_EMOTICON12,????
40000146,100_05_11_EMOTICON11,??????
40000147,100_05_13_EMOTICON13,????!
40000148,100_05_14_EMOTICON14,??? ??!
40000149,100_05_15_EMOTICON15,?? ??!
40000150,100_05_16_EMOTICON16,??? ??!
40000151,100_05_18_EMOTICON18,??? ??
40000152,100_05_19_EMOTICON19,Soccer Trick
40000153,100_05_20_EMOTICON20,EVIL-LAUGH
13010046,801_05_SKILL_01,??? ??(???)
13010146,801_05_SKILL_02,??? ??(???+????)
13011046,801_05_SKILL_03,?? ?
13012046,801_05_SKILL_04,?? ????
13013046,801_05_SKILL_05,????
13014046,801_05_SKILL_06,???
13010047,812_05_SKILL_01,??? ?
13011047,812_05_SKILL_02,??? ???
13012047,812_05_SKILL_03,??? ?
13010048,822_05_SKILL_01,????
13011048,822_05_SKILL_02,????
13012048,822_05_SKILL_03,???? ??
13013048,822_05_SKILL_04,???
13010049,832_05_SKILL_01,??? ??
13010149,832_05_SKILL_02,??? ??(????)
13011049,832_05_SKILL_03,?? ??
13010050,811_05_SKILL_01,??? ??? 1?
13010150,811_05_SKILL_02,??? ??? 2?
13010250,811_05_SKILL_03,??? ??? 3?
13011050,811_05_SKILL_04,??? ??
13012050,811_05_SKILL_05,????
13013050,811_05_SKILL_06,??? ?
13010051,821_05_SKILL_01,?????
13011051,821_05_SKILL_02,???
13012051,821_05_SKILL_03,??? ?
13013051,821_05_SKILL_04,??? ??
13010052,831_05_SKILL_01,??????
13011052,831_05_SKILL_02,??????
70001001,801_05_SKILL_10,?? ??? ?
70001101,801_05_SKILL_11,?? ??? ??
13014146,801_05_SKILL_12,????
73001003,311_05_SKILL_15,?????_????
73001004,421_05_SKILL_18,????????_????
73001005,421_10_SKILL_14,????_????
73001008,431_05_SKILL_22,?????_????
73001009,442_05_SKILL_15,??? ???_????
73001010,443_05_SKILL_15,??? ???_????
73001012,444_05_SKILL_15,?????_????
73001013,351_01_SKILL18,????_????
73001014,461_05_SKILL_18,??? ????_????
73001022,812_05_SKILL_13,??? ?_????
73001019,391_05_SKILL_17,???? ??_????
73001119,391_05_SKILL_18,???? ??_????
73001219,391_05_SKILL_19,???? ??_????
22011103,345_05_SKILL_13,??_????
91000001,021_Dash_01,?? ?? ??
73001001,401_05_SKILL_18,?????_????
73001002,402_05_SKILL_18,????_????
73001006,423_05_SKILL_18,?? ? ?_????
73001007,423_10_SKILL_12,?? ???_????
73001011,445_05_SKILL_15,??? ???_????
73001015,463_05_SKILL_17,?? ????_????
73001016,464_05_SKILL_18,????_????
73001017,471_07_SKILL_15,??????_????
73001018,380_05_SKILL_16,?????_????
73001020,491_07_SKILL_11,? ???_????
73001021,491_06_SKILL_16,??? ???_????
73001023,821_05_SKILL_11,?????_????
40000154,100_05_21_EMOTICON21,????(??)
40000155,100_05_22_EMOTICON22,????(??)
40000156,100_05_24_EMOTICON24,? ????(??)
30001224,421_08_SKILL_13,?? 3? ??
14010053,701_05_SKILL_01,??? ???
14011053,701_05_SKILL_02,??? ???
14012053,701_05_SKILL_03,??? ???
14013053,701_05_SKILL_04,??? ???
14014053,701_05_SKILL_06,??? ???
14015053,701_05_SKILL_07,??? ???
14016053,701_05_SKILL_08,??? ???_????
14017053,701_05_SKILL_09,??? ???
14018053,701_05_SKILL_10,??? ???
14010054,702_06_SKILL_01,??? ??
14011054,702_06_SKILL_02,??? ?
14012054,702_06_SKILL_03,??? ??
14013054,702_06_SKILL_04,??? ??
14014054,702_06_SKILL_05,??? ??_????
14015054,702_06_SKILL_06,??? ??
14016054,702_06_SKILL_07,??
15010053,702_05_SKILL_01,[???] ???? (????_1)
15011053,702_05_SKILL_02,[???] ???? (????_2)
15012053,702_05_SKILL_03,[???] ???? (???? ??)
15013053,702_05_SKILL_04,[???] ???? (????)
15015053,702_05_SKILL_06,[???] ???? (????)
15016053,702_05_SKILL_07,[???] ???? (?????)
15017053,702_05_SKILL_08,[???] ???? (?? ? ??)
15018053,702_05_SKILL_09,[???] ???? (?? ??)
15019053,702_05_SKILL_10,[???] ???? (?? ??)
15020053,702_05_SKILL_11,[???] ???? (?? ????)
15021053,702_05_SKILL_12,[???] ???? (???)
15022053,702_05_SKILL_13,[???] ???? (?? ?? ? ???)
15023053,702_05_SKILL_14,[???] ???? (????)
15014053,702_05_SKILL_05,"[???] ???? (?,?? ??)"
15024053,702_05_SKILL_15,[???] ???? (?????)
14012056,702_05_SKILL_16,??? ??
36005303,702_05_SKILL_17,???_??
38002404,841_05_SKILL_24,????_?? ??
38002504,841_05_SKILL_25,????_?? ??
38002604,841_05_SKILL_26,?????_?? ??
38002804,841_05_SKILL_28,?????_?? ??
38002904,841_05_SKILL_29,?????_?? ??
38003004,841_05_SKILL_30,?????_?? ??
38003104,841_05_SKILL_31,????_?? ??
38003204,841_05_SKILL_32,????_?? ??
38003604,841_05_SKILL_36,???_?? ??
38003804,841_05_SKILL_38,???_?? ??
38003904,841_05_SKILL_39,????_?? ??
38004004,841_05_SKILL_40,?????_?? ??
38004104,841_05_SKILL_41,????_?? ??
38004204,841_05_SKILL_42,?????_?? ??
38004304,841_05_SKILL_43,?????_?? ??
38004404,841_05_SKILL_44,???_?? ??
38004504,841_05_SKILL_45,????_?? ??
38004904,841_05_SKILL_49,?????_?? ??
38005204,841_05_SKILL_52,?????_?? ??
38005604,841_05_SKILL_56,??_?? ??
38000001,840_05_SKILL_01,??_??? ??
38000002,840_05_SKILL_02,??_??? ??
38000003,840_05_SKILL_03,???_??? ??
38000004,840_05_SKILL_04,???_??? ??
38000005,840_05_SKILL_05,????_??? ??
38000006,840_05_SKILL_06,??_??? ??
38000007,840_05_SKILL_07,?????_??? ??
38000008,840_05_SKILL_08,??_??? ??
38000009,840_05_SKILL_10,??? ??
38000010,840_05_SKILL_09,???_????
38000011,840_05_SKILL_05_01,??? ??? ??
12011104,621_11_SKILL_02_1,?? ??_??
17000101,850_05_SKILL_01,?????
17000102,850_05_SKILL_02,?????
17000103,850_05_SKILL_03,?????
17000104,850_05_SKILL_04,?????
17000105,850_05_SKILL_05,?????
17000106,850_05_SKILL_06,?????
17000107,850_05_SKILL_07,?????
17000108,850_05_SKILL_08,?????
17000109,850_05_SKILL_09,?????
17000110,850_05_SKILL_10,?????
17000111,850_05_SKILL_11,?????
17000112,850_05_SKILL_12_A,?????
17000113,850_05_SKILL_12_B,?????
17000114,850_05_SKILL_13,?????
17000115,850_05_SKILL_14,?????
17000116,851_05_SKILL_01_A,?????
17000117,851_05_SKILL_01_B,?????
17000118,851_05_SKILL_02_A,?????
17000119,851_05_SKILL_02_B,?????
17000120,851_05_SKILL_03,?????
17000121,851_05_SKILL_04,?????
17000122,851_05_SKILL_05,?????
17000123,851_05_SKILL_06,?????
17000124,851_05_SKILL_07,?????
17000125,851_05_SKILL_08,?????
17000126,851_05_SKILL_09,?????
17000127,851_05_SKILL_10,?????
17000128,851_05_SKILL_11,?????
17000129,851_05_SKILL_12,?????
17000130,851_05_SKILL_13,?????
17000131,851_05_SKILL_14,?????
17000132,851_05_SKILL_15,?????
40000157,100_05_25_EMOTICON25,10?? ????
40000158,100_05_26_EMOTICON28,[???] ?? ?? ?? ??!
40000159,100_05_26_EMOTICON27,[???] ????!!!
38103607,842_05_SKILL_01,?? ??? II
38103807,842_05_SKILL_02,?? ??? II
38104007,842_05_SKILL_03,??? ??? II
38104207,842_05_SKILL_04,??? ??? II
38104407,842_05_SKILL_05,??? ??? II
38104507,842_05_SKILL_06,?? ??? II
38104907,842_05_SKILL_07,?? ??? II
38105607,842_05_SKILL_08,?? ??? II
38106007,842_05_SKILL_09,??? ??? II
38102404,843_05_SKILL_01,[4??] 2016 ???? ????
38102504,843_05_SKILL_02,[4??] 2016 ???? ????
38102604,843_05_SKILL_03,[4??] 2016 ????? ????
38102704,843_05_SKILL_04,[4??] 2016 ???? ????
38102804,843_05_SKILL_05,[4??] 2016 ????? ????
38102904,843_05_SKILL_06,[4??] 2016 ????? ????
38103004,843_05_SKILL_07,[4??] 2016 ????? ????
38103104,843_05_SKILL_08,[4??] 2016 ???? ????
38103204,843_05_SKILL_09,[4??] 2016 ???? ????
38103604,843_05_SKILL_10,[4??] 2016 ??? ????
38103704,843_05_SKILL_11,??
38103804,843_05_SKILL_12_A,???
38103814,843_05_SKILL_12_B,???
38103904,843_05_SKILL_13,[4??] 2016 ???? ????
38104004,843_05_SKILL_14,[4??] 2016 ????? ????
38104104,843_05_SKILL_15,[4??] 2016 ???? ????
38104204,843_05_SKILL_16,??
38104304,843_05_SKILL_17,[4??] 2016 ????? ????
38104404,843_05_SKILL_18,[4??] 2016 ??? ????
38104504,843_05_SKILL_19,[4??] 2016 ???? ????
38104904,843_05_SKILL_20,[4??] 2016 ????? ????
38105204,843_05_SKILL_21,?????
38105604,843_05_SKILL_22,??
38106004,843_05_SKILL_23,[4??] 2016 ??? ????
18001301,860_05_SKILL_01,??? ??
18001302,860_05_SKILL_02,??? ???
18001303,860_05_SKILL_03,??? ?????
18001304,860_05_SKILL_04,??? ???
18001305,860_05_SKILL_05,??? ?????
18001306,860_05_SKILL_06,??? ?
18001307,860_05_SKILL_07,??? ???
18001308,860_05_SKILL_08,??? ????
18001309,860_05_SKILL_09,??? ???
18001310,860_05_SKILL_10,?? ???
18001311,860_05_SKILL_11,?? ???
18001312,860_05_SKILL_12,????
18001313,860_05_SKILL_13,?? ???
18001314,860_05_SKILL_14,?? ??
18001315,860_05_SKILL_15,????
38006404,840_05_SKILL_11,【 ??? 】
38006407,841_05_SKILL_64,【 ?? 】
38106404,842_05_SKILL_10,【 ??? II 】
38106407,843_05_SKILL_24,【 ?? II 】
18001316,860_05_SKILL_16,??? ??
18001317,860_05_SKILL_17,?? ???
18001319,860_05_SKILL_19,??? ??
12312007,602_11_SKILL_05_B,???? ??
10004128,551_02_ATTACK_A_01,????? ??
18002301,870_05_SKILL_01,??? ??1
18002302,870_05_SKILL_02,??? ??2
18002303,870_05_SKILL_03,??? ??3
18002304,870_05_SKILL_12,???? ★
18002305,870_05_SKILL_13,???? ★★
18002306,870_05_SKILL_16,???? ★★★
18002307,870_05_SKILL_15,???? ★★★★
18002308,870_05_SKILL_04,????1
18002309,870_05_SKILL_08,?? ????
18002310,870_05_SKILL_05,????2
18002311,870_05_SKILL_06,????3
18002312,870_05_SKILL_10_1,????4-1
18002322,870_05_SKILL_10_2,????4-2
18002332,870_05_SKILL_10_3,????4-3
18002313,870_05_SKILL_11,????5
18002314,870_05_SKILL_14,5???
18002315,870_05_SKILL_07,????
18002316,870_05_SKILL_09,?? ????
18002317,870_05_SKILL_17,???? ??
38006804,841_05_SKILL_68,?? ??1
38106804,843_05_SKILL_25,?? ??2
38006807,840_05_SKILL_12,??? ??1
38106807,842_05_SKILL_11,??? ??2
18002318,870_05_SKILL_18_01,??? ?1
18002328,870_05_SKILL_18_02,??? ?2
18002338,870_05_SKILL_18_03,??? ?3
21005102,233_05_SKILL_02_Lv3_R,???? ?? III
21007106,342_05_SKILL_04_R,???? III
21007102,343_05_SKILL_04_R,???? ?? III
22011106,642_11_SKILL_02_R,??? ??
22011102,643_11_SKILL_02_R,?? ???
10016030,571_02_ATTACK_B_01_G_R,????_?????
10016031,571_02_ATTACK_B_02_G_R,????_??????
10016032,571_02_ATTACK_D_04_G_R,????_????
10011031,571_05_SKILL_02_G_R,????_?????
10012031,571_05_SKILL_03_G_R,????_?????
10100130,571_05_SKILL_08_R,????_????
10010031,571_05_SKILL_01_G_R,????_????
10101032,571_05_SKILL_09_R,????_????
10014031,571_05_SKILL_05_G_R,????_??????
10015031,571_05_SKILL_06_G_R,????_? ????
60042301,364_05_SKILL_02_R,[?? ???]_??? ?
60042302,364_05_SKILL_03_R,[?? ???]_??? ?
60042303,364_05_SKILL_04_R,[?? ???]_???? ???
60042304,364_05_SKILL_05_R,[?? ???]_?? ????
60042305,364_05_SKILL_06_R,[?? ???]_??? ??
60042306,364_10_SKILL_02_R,[?? ???]_???
60042307,364_05_SKILL_07_R,[?? ???]_?? ???
60042308,464_08_SKILL_01_R,[?? ???]_??? ??
60042309,464_10_SKILL_06_R,[?? ???]_????
60042310,664_11_SKILL_02_R,[?? ???]_??? ??
60042311,664_11_SKILL_03_R,[?? ???]_????? ?
60042312,464_08_SKILL_01_R1,[?? ???]_?? ??? ??
38200101,845_05_SKILL_03,???? i
38200106,844_05_SKILL_03,???? L
38200201,845_05_SKILL_01,?? i
38200206,844_05_SKILL_01,?? L
38200301,845_05_SKILL_02,???? i
38200306,844_05_SKILL_02,???? L
50000802,021_GuildSkill_Obe_R,??? ?
38200401,845_05_SKILL_04,??? i
38200406,844_05_SKILL_04,??? l
39000101,331_05_SKILL_02_R,???? ???
39000102,331_05_SKILL_03_R,??? ???
39000103,331_05_SKILL_06_R,??? ???
39000104,331_05_SKILL_07_R,??? ???
39000105,331_05_SKILL_10_R,????? ???
39000106,331_05_SKILL_11_R,??? ???
39000107,331_10_SKILL_01_R,???? ???
39000108,331_10_SKILL_02_R,??? ???
39000109,331_05_SKILL_08_R,??? ???
39000110,431_05_SKILL_09_R,??? ???
39000111,431_08_SKILL_02_R,??? ???
39000112,431_08_SKILL_03_R,??? ?? ???
39000113,431_08_SKILL_04_R,c?? ???
39000114,431_10_SKILL_03_R,??? ???
39000115,431_10_SKILL_04_R,??? ???
39000116,631_11_SKILL_01_R,???? ???
39000117,631_11_SKILL_02_R,??? ???
39000118,631_11_SKILL_03_R,??? ???
39000119,841_05_SKILL_39_R,??1 ???
39000120,843_05_SKILL_13_R,??2 ???
39000121,431_05_SKILL_09_R_A,???1
39000122,431_05_SKILL_09_R_B,???2
39000123,431_05_SKILL_09_R_C,???3
40000160,100_Happytuk3,?????
14010154,702_06_SKILL_01_R,??? ?? ??
39000124,631_11_SKILL_02_R,??? ???
24002401,501_05_SKILL_01_R,???? ???? ??? ???
24002402,501_05_SKILL_02_R,???? ???? ?? ???
24002403,501_05_SKILL_03_R,???? ???? ??? ???
24002404,501_05_SKILL_04_R,???? ???? ??? ???
24002405,501_05_SKILL_05_R,???? ???? ??1 ???
24002406,501_05_SKILL_06_R,???? ???? ??2 ???
24002407,501_05_SKILL_07_R,???? ???? ??3 ???
24002408,501_05_SKILL_08_R,???? ???? ?? ???
24002409,841_05_SKILL_24_R,???? ???? ??1 ???
24002501,511_05_SKILL_06_R,???? ???? ???
24002502,511_05_SKILL_01_R,???? ????? ???
24002503,511_05_SKILL_05_R,???? ???? ???
24002504,511_05_SKILL_04_R,???? ???? ???
24002505,511_05_SKILL_10_R,???? ????? ???
24002506,511_05_SKILL_12_R,???? ???? ???
24002507,511_05_SKILL_11,???? ???? ?? ???
24002508,841_05_SKILL_25_R,???? ??1 ???
24002509,511_05_SKILL_13,???? ?? ???
24002601,521_05_SKILL_01_R,????? ????? ???
24002602,521_05_SKILL_01_R1,????? ????? ???1
24002603,521_05_SKILL_04_R,????? ???? ???
24002604,521_05_SKILL_04_R1,????? ???? ???1
24002605,521_05_SKILL_03_R,????? ????? ???
24002606,521_05_SKILL_03_R1,????? ????? ???1
24002607,521_05_SKILL_02_R,????? ?????? ???
24002608,521_05_SKILL_02_R1,????? ?????? ???1
24002609,521_05_SKILL_08,????? ??? ???
24002610,521_05_SKILL_07,????? ???? ???
24002611,521_05_SKILL_06_R,????? ???? ???
24002612,521_05_SKILL_06_R1,????? ???? ???1
24002613,841_05_SKILL_26_R,????? ??1 ???
24002614,843_05_SKILL_03_R,????? ??2 ???
24002701,521_05_SKILL_09_R,???? ? ??? - ??
24002702,521_05_SKILL_10_R,???? ??? ??
24002703,521_05_SKILL_11_R,???? ??? (??2)
24002704,531_05_SKILL_01_R,???? 3?? ?
24002705,531_05_SKILL_02_R,???? ???
24002706,531_05_SKILL_06_R,???? ????
24002707,843_05_SKILL_04_R,???? ?????
24002708,531_02_ATTACK_E_04_R,???? ??1 ???
24002801,541_05_SKILL_11_R,????? ????
24002802,541_05_SKILL_12_R,????? ?? ? ????
24002803,541_05_SKILL_13_R,????? ?? 3? ??
24002804,541_05_SKILL_01_R,????? ????? ???
24002805,541_05_SKILL_06_R,????? ??? ???
24002806,541_05_SKILL_10_R,????? ??? ???
24002807,843_05_SKILL_05_R,????? ?? ???
24003001,561_05_SKILL_04_R,????? ???1 ???
24003002,561_05_SKILL_05_R,????? ???2 ???
24003003,561_05_SKILL_13_R,????? ??? ??? ???
24003004,561_05_SKILL_14_R,????? ??? ???
24003005,561_05_SKILL_15_R,????? ??? ??
24006901,880_05_SKILL_01,???? 1
24006902,880_05_SKILL_02,???? 2
24006903,880_05_SKILL_03,???? 3
24006904,880_05_SKILL_04,???? 4
24006905,880_05_SKILL_05,???? 5
24006906,880_05_SKILL_06,???? 6
24006907,880_05_SKILL_09,???? 7 ??
24006908,841_05_SKILL_69,???? ??1
24006909,843_05_SKILL_26,???? ??2
24006910,880_05_SKILL_07,??? ??
24003006,561_05_SKILL_03_R,??_?
24003007,561_05_SKILL_07_R,??_?
24003009,561_05_SKILL_01_R,??_?
24002901,551_05_SKILL_01_R,[2019_2Q] ?????_?????
24002902,551_05_SKILL_02_R,[2019_2Q] ?????_?????
24002903,551_05_SKILL_03_R,[2019_2Q] ?????_?????
24002904,551_05_SKILL_12_R,[2019_2Q] ?????_?????
24002905,551_05_SKILL_14_R,[2019_2Q] ?????_????
24002906,841_05_SKILL_29_R,[2019_2Q] ?????_??1 ???
24002907,843_05_SKILL_06_R,[2019_2Q] ?????_??2_??
24003201,581_05_SKILL_03_R,[2019_2Q] ????_??
24003202,581_05_SKILL_05_R,[2019_2Q] ????_????
24003203,581_05_SKILL_07_R,[2019_2Q] ????_emp
24003204,581_05_SKILL_08_R,[2019_2Q] ????_?? ?? ??
24003205,581_05_SKILL_09_R,[2019_2Q] ????_?? ?? ??
24003206,841_05_SKILL_32_R,[2019_2Q] ????_???? ??
24003101,571_02_ATTACK_B_01_G_R1,???? ??? ????
24003207,581_05_SKILL_10,???? DS-CALL
24003601,302_05_SKILL_02_R,?? ???
24003602,302_05_SKILL_07_R,???? ???
24003603,302_10_SKILL_01_R,???? ???
24003604,402_05_SKILL_03_R,???? ???
24003605,402_05_SKILL_06_R,????? ???
24003606,402_08_SKILL_02_R,?? ? ???
24003607,402_08_SKILL_03_R,?? ? ???
24003608,602_11_SKILL_06_R,??? ???
24045001,691_11_SKILL_05,???? ????
24003609,602_11_SKILL_07_R,??? ???
13110246,801_05_SKILL_02_R,[????? ???] ?? ??? ??
13113246,801_05_SKILL_05_R,[????? ???] ?? ????
13110147,812_05_SKILL_01_R,[????? ???] ??? ?
13111147,812_05_SKILL_02_R,[????? ???] ??? ???
13112047,812_05_SKILL_03_R,[????? ???] ??? ?
13110048,822_05_SKILL_01_R,[????? ???] ????
13113048,822_05_SKILL_04_R,[????? ???] ???
13111052,831_05_SKILL_02_R,[????? ???] ??????
13110049,832_05_SKILL_01_R,[????? ???] ??? ??1
13120049,832_05_SKILL_02_R,[????? ???] ??? ??2
38014904,841_05_SKILL_49_R,[????? ???] ???? ??
13111049,843_05_SKILL_20_R,[????? ???] ?? ??
38114904,843_05_SKILL_20_R1,[????? ???] ?? ?? ??
22102003,831_05_SKILL_05_R,[????? ???] ?? ???
13111346,801_05_SKILL_03_R,[????? ???] ?? ?? ?
13112546,801_05_SKILL_04_R,[????? ???] ?? ?? ????
13110250,811_05_SKILL_01_R,[????? ???] ??? ???1
13120250,811_05_SKILL_02_R,[????? ???] ??? ???2
13130250,811_05_SKILL_03_R,[????? ???] ??? ???3
13111250,811_05_SKILL_04_R,[????? ???] ???? ?
13112150,811_05_SKILL_05_R,[????? ???] ????
13112051,811_05_SKILL_06_R,[????? ???] ??? ?
13113250,821_05_SKILL_03_R,[????? ???] ??? ?
13113051,821_05_SKILL_04_R,[????? ???] ?????
13110052,831_05_SKILL_01_R,[????? ???] ??????
38015204,843_05_SKILL_26_R,[????? ???] ???? ? ??
38200501,845_05_SKILL_05,??? i
38200502,844_05_SKILL_05,??? L
13110054,831_05_SKILL_03_R,[????? ???] ??? ?
13110055,831_05_SKILL_04_R,[????? ???] ???? ?
38200601,844_05_SKILL_06,??? L
38200602,845_05_SKILL_06,??? i
12100101,611_02_ATTACK_E_03_R,[??] ?? ?? ??1
12100201,611_02_ATTACK_E_04_01_R,[??] ?? ?? ??2
12100301,611_02_ATTACK_E_04_02_R,[??] ?? ?? ??3
12100401,611_02_ATTACK_E_05_R,[??] ?? ?? ??4
11109022,611_08_SKILL_01_R,[??] ??? ???? ???
12100102,611_09_SKILL_01_R,[??] ?? ?? ??
12100103,611_09_SKILL_02_R,[??] ?? ?? ??
12100104,611_09_SKILL_03_R,[??] ?? ??? ??
12010121,611_11_SKILL_01_R,[??] ?? ???? ???
38003704,841_05_SKILL_37_R,[??] ?? ??1 ??
24004101,451_05_SKILL_05_R,[2019_4Q] ????_??? ??
24004102,351_05_SKILL_03_R1,[2019_4Q] ????_??? ??
38004114,841_05_SKILL_41_R,[2019_4Q] ????_??_??? ??(??)
24004103,451_08_skill_02_R,[2019_4Q] ????_???? ?(??)
24004104,451_10_SKILL_02_R,[2019_4Q] ????_??? ??
24004105,451_10_SKILL_03_R,[2019_4Q] ????_??? ??
24004106,651_11_SKILL_01_R,[2019_4Q] ????_??? ???_??
24004107,651_11_SKILL_02_R,[2019_4Q] ????_???? ???_??
38104114,843_05_SKILL_15_R,[2019_4Q] ????_??2_??? ?? ???
40000161,100_05_32_EMOTICON32,[2020_2?] ??? ?? ??1
40000162,100_05_33_EMOTICON33,[2020_2?] ??? ?? ??2
40000163,100_05_34_EMOTICON34,[2020_2?] ??? ?? ??3
12101101,841_05_SKILL_38_R,????
12101102,843_05_SKILL_12_R,?2
12101103,322_10_SKILL_01_R,?????
12101104,623_11_SKILL_04_R,?? ??1
12101105,623_11_SKILL_05_R,?? ??2
12101106,623_11_SKILL_06_R,??
12101107,623_11_SKILL_07_R,??1
38000012,840_05_SKILL_10_R,?? ??
40000164,100_05_30_EMOTICON30,? ???
40000165,100_05_31_EMOTICON31,???
38103824,843_05_SKILL_12_A_R,??????_???1
38103834,843_05_SKILL_12_B_R,??????_???2
11803100,890_05_SKILL_01,[2020_2Q] ????_????_01
11803101,890_05_SKILL_02,[2020_2Q] ????_????_02
11803102,890_05_SKILL_03,[2020_2Q] ????_????_03
11803103,890_05_SKILL_04,[2020_2Q] ????_????_04
11803104,890_05_SKILL_05,[2020_2Q] ????_????_05
11803105,890_05_SKILL_06,[2020_2Q] ????_????_06
11803106,890_05_SKILL_07,[2020_2Q] ????_????_01
11803107,890_05_SKILL_10,[2020_2Q] ????_???? ??_01
11803108,890_05_SKILL_11,[2020_2Q] ????_???? ??_02
11803109,890_05_SKILL_12,[2020_2Q] ????_???? ??_03
11803110,890_05_SKILL_13,[2020_2Q] ????_???? ??_04
11803111,890_05_SKILL_14,[2020_2Q] ????_???? ??_05
11803112,840_05_SKILL_13,[2020_2Q] ????_?????_01
11803113,841_05_SKILL_73,[2020_2Q] ????_????_01
11803114,890_05_SKILL_09,[2020_2Q] ????_???? ??
11803115,890_05_SKILL_15,[2020_2Q] ????_????
11803116,890_05_SKILL_16,[2020_2Q] ????_????
11803117,842_05_SKILL_12,[2020_2Q] ????_?????_02
11803118,843_05_SKILL_27,[2020_2Q] ????_??2
11803119,890_05_SKILL_08,[2020_2Q] ????_????2
11803120,890_05_SKILL_17,?? ?? ???
11803121,890_05_SKILL_12_1,?? ??? 2??
11803122,890_05_SKILL_12_2,?? ??? 3??
11803123,890_05_SKILL_19,?? ???? ?? ???
11000301,671_11_SKILL_03_R,?? ?? ??
11000302,841_05_SKILL_43_R2,?? ??
11000303,671_11_SKILL_04_R,?? ??? ??
11000304,371_05_SKILL_01_R,??? ???
11000305,371_05_SKILL_02_R,???? ???
11000306,471_08_SKILL_01_R,???? ???
11000307,841_05_SKILL_43_R1,?? ??1 ???
11000308,371_10_SKILL_01_R,?? ???
11000309,471_09_SKILL_02_R,???2 ???
11000310,671_10_SKILL_02_R,?? ?? ?? ? ??
11000311,671_11_SKILL_05_R,?? ?????? ?? ??
11000312,671_11_SKILL_06_R,?? ????? ???
11000313,471_09_SKILL_02_R_1,??? ????
11000314,671_11_SKILL_07_R,??
11000501,680_11_SKILL_05_R,???? ???
11000502,841_05_SKILL_44_R,??? ?? ???
11000503,380_05_SKILL_01_R,????? ???
11009010,243_02_ATTACK_B_01,?????_???
11000601,691_11_SKILL_09_R,[2020 4Q] ????? ?? ???_????
11000602,691_11_SKILL_01_R,[2020 4Q] ????? ?? ???_??????
11000603,491_05_SKILL_02_R,[2020 4Q] ????? ?? ???_?
11000604,491_05_SKILL_01_R,[2020 4Q] ????? ?? ???_??
11000605,691_11_SKILL_07_R,[2020 4Q] ????? ?? ???_??
11000606,691_11_SKILL_06_R,[2020 4Q] ????? ?? ???_????
11000607,491_06_SKILL_05_R,[2020 4Q] ????? ?? ???_????
11000608,691_11_SKILL_08_R,[2020 4Q] ????? ?? ???_???
11000609,491_05_SKILL_05_R,[2020 4Q] ????? ?? ???_???
11000610,491_06_SKILL_16_R,[2020 4Q] ????? ?? ???_????
11000611,691_11_SKILL_10_R,[2020 4Q] ????? ?? ???_??
11000612,841_05_SKILL_45_R,[2020 4Q] ????? ?? ???_??1
11000701,301_05_SKILL_07_R1,[2021_1Q] ??? ??????_?????
11000702,401_05_SKILL_03_R,[2021_1Q] ??? ??????_??????
11000703,401_08_SKILL_02_R,[2021_1Q] ??? ??????_?
11000704,401_08_SKILL_05_R,[2021_1Q] ??? ??????_???
11000705,401_09_SKILL_06_R,[2021_1Q] ??? ??????_?????
11000706,401_10_skill_06_R,[2021_1Q] ??? ??????_????
11000707,601_11_SKILL_01_R,[2021_1Q] ??? ??????_???
11000708,601_11_SKILL_03_R,[2021_1Q] ??? ??????_???
11000709,601_11_SKILL_04_R,[2021_1Q] ??? ??????_???
40000166,100_05_35_EMOTICON35,[2021_3?] ??? ?? ??
11000710,401_09_SKILL_06_R1,[2021_1Q] ??? ??????_?????2
40000167,100_05_31_EMOTICON32,??? ??
40000168,100_05_31_EMOTICON33,?? ???
80002401,846_05_skill_24,[2Q] ???? ??? ??3
80002501,846_05_SKILL_25,[2Q] ???? ??? ??3
80002601,846_05_skill_26,[2Q] ????? ??? ??3
80002701,846_05_skill_27,[2Q] ???? ??? ??3
80002801,846_05_skill_28,[2Q] ????? ??? ??3
80002901,846_05_SKILL_29,[2Q] ???3_?????
80003001,846_05_skill_30,[2Q] ????? ??? ??3
80003101,846_05_skill_31,[2Q] ???? ??? ??3
80003201,846_05_skill_32,[2Q] ???3_????
80003601,846_05_skill_36,[2Q] ??? ??? ??3
80013601,602_20_SKILL_02,?? ????
80013602,602_20_SKILL_03,?? ?? ??
80013603,602_20_SKILL_04,?? ?? ??
80013604,602_20_SKILL_06,???? ?? ?? ?? ??
80013605,602_20_SKILL_07,???? ?? ? ?? ?? ??
80013606,602_20_SKILL_09,??? ??
80013607,602_20_SKILL_10,??? ????
80013608,602_20_SKILL_08,??
80003701,846_05_skill_37,[2Q] ?? ??? ??3
80003702,841_05_SKILL_70,[2Q] ?? ?? ?? ??
80003703,611_20_SKILL_06_01,???? - ??1
80003704,611_20_SKILL_06_02,???? - ??2
80003705,611_20_SKILL_06_03,???? - ??3
80003706,611_20_SKILL_06_04,???? - ??4
80003707,611_20_SKILL_06_05,???? - ??1
80003708,611_20_SKILL_06_06,???? - ??2
80003709,611_20_SKILL_06_07,???? - ??3
80003710,611_20_SKILL_06_08,???? - ??4
80003711,611_20_SKILL_03_04,???? ? ?? - ?? ?
80003712,611_20_SKILL_03_05,???? ??? ?? - ?? ?
80003713,611_20_SKILL_04_01,?? ?? ?? 1? - ??
80003714,611_20_SKILL_04_02,?? ?? ?? 2? - ??
80003715,611_20_SKILL_03_03,?? ???? ?? ??
80003716,611_20_SKILL_02,?? ???? ?? ??
80003717,611_20_SKILL_05,??? ????
80003718,611_20_SKILL_07,????
80003801,846_05_skill_38,[2Q] ??? ??? ??3
80013801,623_20_SKILL_01,?? ???? ??
80013802,623_20_SKILL_02,?? ???? ??
80013803,623_20_SKILL_03,?? ?
80013804,623_20_SKILL_04,??? ?
80013805,623_20_SKILL_05,? ??? ??
80013806,623_20_SKILL_06,"? ??? ?, ??"
80013807,623_20_SKILL_07,????? ??
80003901,846_05_skill_39,[2Q] ???3_????
80003902,631_20_SKILL_01,??? > ??? ??
80003903,631_20_SKILL_02,??? > ????
80003904,631_20_SKILL_03,??? ??
80003905,631_20_SKILL_04,??? ??
80003906,631_20_SKILL_05,??? ??? ??
80003907,631_20_SKILL_06,???
80004001,846_05_skill_40,[2Q] ????? ??? ??3
80004101,846_05_SKILL_41,[2Q] ???? ??? ??3
80004201,846_05_skill_42,[2Q] ????? ??? ??3
80024201,664_20_SKILL_01,?????? - FX ?? ??
80024202,664_20_SKILL_02,????? ?
80024203,664_20_SKILL_03,????? ? ?? ??
80024204,664_20_SKILL_04,???? ???
80024205,664_20_SKILL_05,??? ?? ??
80024206,664_20_SKILL_06,??? ?? 2??
80024207,664_20_SKILL_07,??? ?? 3??
80024208,664_20_SKILL_08,??????
80004301,846_05_skill_43,[2Q] ????? ??? ??3
80004401,846_05_skill_44,[2Q] ???3_???
80004501,846_05_skill_45,[2Q] ????? ??? ??3
80004901,846_05_skill_49,[2Q] ????? ??? ??3
80004902,832_20_SKILL_01,????
80004903,832_20_SKILL_02,??? ??? ??
80004904,832_20_SKILL_03,"??? ??? ?, ??"
80004905,832_20_SKILL_04,??? ??
80004906,832_20_SKILL_05,???? - FX ?? ?? ?? ??
80004907,832_20_SKILL_06,??? ?
80005201,846_05_skill_52,[2Q] ????? ??? ??3
80005202,831_20_SKILL_01,???? ? ??
80005203,831_20_SKILL_02,???
80005204,831_20_SKILL_03,??
80005205,831_20_SKILL_04,??
80005206,831_20_SKILL_05,???? - ?? ?? (??? ?? ?? ???? ????? ??)
80005207,831_20_SKILL_06,???? - 2? ???
80005208,831_20_SKILL_07,???? - ?? ????? ??? ??
80005209,831_20_SKILL_08,??? - 1? ?? (??? ?? ?? ???? ????? ??)
80005210,831_20_SKILL_09,??? - 2? ?? ?
80005211,831_20_SKILL_10,??? - 3? ??
80005601,846_05_skill_56,[2Q] ?? ??? ??3
80005602,731_20_SKILL_01,??? ??? ??
80005603,731_20_SKILL_02,??? ??? ? ??
80005604,731_20_SKILL_03,??? ???
80005605,731_20_SKILL_04,??? ??? ?? ??
80005606,731_20_SKILL_05,??? ??? ?? ??
80005607,731_20_SKILL_06,?? ?? 1
80006001,846_05_skill_60,[2Q] ??? ??? ??3
80006401,846_05_skill_64,[2Q] ??? ??? ??3
80006402,860_20_SKILL_01,??? ?????
80006403,860_20_SKILL_02,??? ?? ??
80006404,860_20_SKILL_03,??? ?? ??
80006405,860_20_SKILL_04,??? ???? ??
80006406,860_20_SKILL_05,??? ???? ??
80006407,860_20_SKILL_06,???? ??
80006408,860_20_SKILL_07,"???? ?, ??"
80006801,846_05_skill_68,[2Q] ????? ??? ??3
80006802,870_20_SKILL_01,"?? ??  ?, ??"
80006803,870_20_SKILL_02,?? ??  ??
80006804,870_20_SKILL_05,?? ??? ?? ??
80006805,870_20_SKILL_10_01,???? 1
80006806,870_20_SKILL_10_02,???? 2
80006807,870_20_SKILL_10_03,???? 3
80006808,870_20_SKILL_11_01,??? ? 1
80006809,870_20_SKILL_11_02,??? ? 2
80006810,870_20_SKILL_11_03,??? ? 3
80006811,870_20_SKILL_11_04,??? ? 4
80006812,870_20_SKILL_12,??? ????
80006813,870_20_SKILL_13,??? ????
80006901,846_05_skill_69,[2Q] ???? ??? ??3
80007301,846_05_skill_73,[2Q] ????? ??? ??3
80007302,890_20_SKILL_01,[????] ???
80007303,890_20_SKILL_02,?? ???
80007304,890_20_SKILL_03,[????] ???
80007305,890_20_SKILL_04,?? ??? ?? ?? ??
80007306,890_20_SKILL_05,?? ??? ?? ??
80007307,890_20_SKILL_06,?????
80007308,890_20_SKILL_07,?? ???
80007309,890_20_SKILL_08,?? ??? ?? ?? (?? ?? ??????)
80007310,100_05_36_EMOTICON36,21_2Q_??? ?? ??
40000169,100_05_37_EMOTICON37,??? ??
40000170,100_05_38_EMOTICON38,?? ???
80006002,850_20_SKILL_01,[2Q] ????_??? 1
80006003,850_20_SKILL_02,[2Q] ????_??? 2
80006004,850_20_SKILL_04,[2Q] ????_??? 3
80006005,850_20_SKILL_05,[2Q] ????_??? 4
80006006,851_20_SKILL_01,[2Q] ????_??? 5
80006007,851_20_SKILL_02,[2Q] ????_??? 6
80006008,851_20_SKILL_03,[2Q] ????_??? 7
80006009,851_20_SKILL_05_01,[2Q] ????_??? 8
80006010,851_20_SKILL_05_02,[2Q] ????_??? 9
80006011,851_20_SKILL_06,[2Q] ????_??? 10
80006012,851_20_SKILL_04,[2Q]???_????3_1
80006013,850_20_SKILL_03,[2Q]???_????3_2
80004402,680_20_SKILL_01,[2Q] ????_??? 1
80004403,680_20_SKILL_02,[2Q] ????_??? 2
80004404,680_20_SKILL_03,[2Q] ????_??? 3
80004405,680_20_SKILL_06,[2Q] ????_??? 4
80004406,680_20_SKILL_08,[2Q] ????_??? 5
80004407,680_20_SKILL_09,[2Q] ????_??? 6
80004502,691_20_SKILL_01,[2Q] ????_????? 1
80004503,691_20_SKILL_02,[2Q] ????_????? 2
80004504,691_20_SKILL_03,[2Q] ????_????? 3
80004505,691_20_SKILL_04,[2Q] ????_????? 4
80004506,691_20_SKILL_05_01,[2Q] ????_????? 5
80004507,691_20_SKILL_05_02,[2Q] ????_????? 6
80004508,691_20_SKILL_05_03,[2Q] ????_????? 7
80004509,691_20_SKILL_05_04,[2Q] ????_????? 8
80004002,643_20_SKILL_02,[2Q] ????_????? 1
80004003,644_20_SKILL_01,[2Q] ????_????? 2
80004004,645_20_SKILL_01,[2Q] ????_????? 3
80003802,621_20_SKILL_01,[2Q] ????_???(?)_ 1
80003803,621_20_SKILL_02,[2Q] ????_???(?)_ 2
80003804,621_20_SKILL_03,[2Q] ????_???(?)_ 3
80003805,621_20_SKILL_04,[2Q] ????_???(?)_ 4
80003806,621_20_SKILL_05,[2Q] ????_???(?)_ 5
80003807,621_20_SKILL_06,[2Q] ????_???(?)_ 6
80004202,661_20_SKILL_01,[2Q] ????_?????(??)_ 1
80004203,661_20_SKILL_02,[2Q] ????_?????(??)_ 2
80004204,661_20_SKILL_03,[2Q] ????_?????(??)_ 3
80004205,661_20_SKILL_04_01,[2Q] ????_?????(??)_ 4_1
80004206,661_20_SKILL_04_02,[2Q] ????_?????(??)_ 4_2
80004207,661_20_SKILL_05,[2Q] ????_?????(??)_ 5
80004208,661_20_SKILL_06,[2Q] ????_?????(??)_ 6
80014201,663_20_SKILL_01,[2Q] ????_?????(?)_ 1
80014202,663_20_SKILL_02_01,[2Q] ????_?????(?)_ 2_1
80014203,663_20_SKILL_02_02,[2Q] ????_?????(?)_ 2_2
80014204,663_20_SKILL_03,[2Q] ????_?????(?)_ 3
80014205,663_20_SKILL_04,[2Q] ????_?????(?)_ 4
80014206,663_20_SKILL_05,[2Q] ????_?????(?)_ 5
80014207,663_20_SKILL_06,[2Q] ????_?????(?)_ 6
80004102,651_20_SKILL_01,[2Q] ????_????_ 1
80004103,651_20_SKILL_07,[2Q] ????_????_ 2
80004104,651_20_SKILL_08,[2Q] ????_????_ 3
80004105,651_20_SKILL_09,[2Q] ????_????_ 4
80004106,651_20_SKILL_10,[2Q] ????_????_ 5
80004107,651_20_SKILL_02,[2Q]????_????2_1
80004108,651_20_SKILL_03,[2Q]????_????2_2
80004109,651_20_SKILL_04,[2Q]????_????2_3
80004110,651_20_SKILL_05,[2Q]????_????2_4
80004302,671_20_SKILL_01,[2Q] ????_?????_ 1
80004303,671_20_SKILL_02,[2Q] ????_?????_ 2
80004304,671_20_SKILL_03,[2Q] ????_?????_ 3
80004305,671_20_SKILL_04,[2Q] ????_?????_ 4
80004306,671_20_SKILL_05,[2Q] ????_?????_ 5
80004307,671_20_SKILL_06,[2Q] ????_?????_ 6
80004308,671_20_SKILL_07,[2Q] ????_?????_ 7
80004309,671_20_SKILL_08,[2Q] ????_?????_ 8
80004310,671_20_SKILL_09,[2Q] ????_?????_ 9
80004311,671_20_SKILL_10,[2Q] ????_?????_ 10
80004312,671_20_SKILL_11,[2Q] ????_?????_ 11
80004313,671_20_SKILL_12,[2Q] ????_?????_ 12
80004314,671_20_SKILL_13,[2Q] ????_?????_ 13
80004315,671_20_SKILL_14,[2Q] ????_?????_ 14
80004316,671_20_SKILL_15,[2Q] ????_?????_ 15
80003602,601_20_SKILL_01_01,[2Q] ????_???(?)_ 1_1
80003603,601_20_SKILL_01_02,[2Q] ????_???(?)_ 1_2
80003604,601_20_SKILL_01_03,[2Q] ????_???(?)_ 1_3
80003605,601_20_SKILL_02,[2Q] ????_???(?)_ 2
80003606,601_20_SKILL_03_01,[2Q] ????_???(?)_ 3_1
80003607,601_20_SKILL_03_02,[2Q] ????_???(?)_ 3_2
80003608,601_20_SKILL_04,[2Q] ????_???(?)_ 4
80003609,601_20_SKILL_05,[2Q] ????_???(?)_ 5
80003610,732_20_SKILL_01,[2Q] ????_??_??01
80003611,732_20_SKILL_02,[2Q] ????_??_??02
80003612,732_20_SKILL_03,[2Q] ????_??_??03
80003613,732_20_SKILL_04,[2Q] ????_??_??04
80003614,732_20_SKILL_05,[2Q] ????_??_??05
80003615,732_20_SKILL_06,[2Q] ????_??_??06
80003616,732_20_SKILL_07,[2Q] ????_??_??07
80003617,732_20_SKILL_08,[2Q] ????_??_??08
80003618,732_20_SKILL_09,[2Q] ????_??_??09
80003619,732_20_SKILL_10,[2Q] ????_??_??10
80003620,732_20_SKILL_11,[2Q] ????_??_??11
80003621,732_20_SKILL_12,[2Q] ????_??_??12
80003622,732_20_SKILL_13,[2Q] ????_??_??13
80003623,732_20_SKILL_14,[2Q] ????_??_??14
80003624,732_20_SKILL_15,[2Q] ????_??_??15
80003625,860_20_SKILL_08,[2Q] ????_???_??? ??
80003626,571_20_SKILL_01,[2Q] ????_????_01
80003627,571_20_SKILL_02_01,[2Q] ????_????_02_01
80003628,571_20_SKILL_02_02,[2Q] ????_????_02_02
80003629,571_20_SKILL_02_03,[2Q] ????_????_02_03
80003630,571_20_SKILL_03_01,[2Q] ????_????_03_01
80003631,571_20_SKILL_03_02,[2Q] ????_????_03_02
80003632,571_20_SKILL_03_03,[2Q] ????_????_03_03
80003633,571_20_SKILL_04,[2Q] ????_????_04
80003634,571_20_SKILL_05,[2Q] ????_????_05
80003635,571_20_SKILL_06_01,[2Q] ????_????_06_01
80003636,571_20_SKILL_06_02,[2Q] ????_????_06_02
80003637,571_20_SKILL_06_03,[2Q] ????_????_06_03
80003638,521_20_SKILL_01,[2Q] ????_?????_01
80003639,521_20_SKILL_02,[2Q] ????_?????_02
80003640,521_20_SKILL_03,[2Q] ????_?????_03
80003641,521_20_SKILL_04,[2Q] ????_?????_04
80003642,521_20_SKILL_05,[2Q] ????_?????_05
80003643,521_20_SKILL_06,[2Q] ????_?????_06
80003644,521_20_SKILL_07,[2Q] ????_?????_07
80003645,521_20_SKILL_08,[2Q] ????_?????_08
80003646,551_20_SKILL_01,[2Q] ????_?????_01
80003647,531_20_SKILL_01,[2Q] ????_????
80003648,511_20_SKILL_01,[2Q] ????_????
80003649,880_20_SKILL_01,[2Q] ????_????
80003650,501_20_SKILL_01,[2Q] ????_????
80003651,521_20_SKILL_09,[2Q] ????_?????_09
80003652,541_20_SKILL_01,[2Q] ????_?????_01
80003653,561_20_SKILL_01,[2Q] ????_?????_01
80003654,581_20_SKILL_01,[2Q] ????_????_01
80003655,531_20_SKILL_02,[2Q] ????_????
80003656,531_20_SKILL_03,[2Q] ????_????
80003657,531_20_SKILL_05_01,[2Q] ????_????
80003658,531_20_SKILL_05_02,[2Q] ????_????
80003659,531_20_SKILL_05_03,[2Q] ????_????
80003660,531_20_SKILL_06,[2Q] ????_????
80003661,561_20_SKILL_02,[2Q] ????_?????_02
80003662,561_20_SKILL_04,[2Q] ????_?????_03
80003663,561_20_SKILL_05,[2Q] ????_?????_04
80003664,561_20_SKILL_06,[2Q] ????_?????_05
80003665,561_20_SKILL_07_A,[2Q] ????_?????_06
80003666,561_20_SKILL_08_B,[2Q] ????_?????_07
80003667,561_20_SKILL_02_01,[2Q] ????_?????_08
80003668,521_20_SKILL_10,[2Q] ????_?????_10
80003669,551_20_SKILL_02,[2Q] ????_?????_?????
80003670,551_20_SKILL_03,[2Q] ????_?????_?????
80003671,551_20_SKILL_04,[2Q] ????_?????_????
80003672,551_20_SKILL_05_1,[2Q] ????_?????_?????? ??
80003673,551_20_SKILL_05_2,[2Q] ????_?????_?????? ??
80003674,581_20_SKILL_02,[2Q] ????_????_02 ????
80003675,581_20_SKILL_03_A,[2Q] ????_????_03_A ?? ??
80003676,581_20_SKILL_03_B,[2Q] ????_????_03_B ?? ??
80003677,541_20_SKILL_02,[2Q] ????_?????_02 ??
80003678,541_20_SKILL_03,[2Q] ????_?????_03 ???
80003679,541_20_SKILL_04,[2Q] ????_?????_05 ??
80003680,880_20_SKILL_02,[2Q] ????_????_02 ?????
80003681,880_20_SKILL_03,[2Q] ????_????_03 ??
80003682,880_20_SKILL_05_A,[2Q] ????_????_05_A ???? ??
80003683,880_20_SKILL_05_B,[2Q] ????_????_05_B ???? ??
80003684,880_20_SKILL_06,[2Q] ????_????_06 ?????
80003685,511_20_SKILL_02,[2Q] ????_????_02 ?????
80003686,511_20_SKILL_03_A,[2Q] ????_????_03_A ????? ??
80003687,511_20_SKILL_03_B,[2Q] ????_????_03_B ????? ???
80003688,511_20_SKILL_04,[2Q] ????_????_04 ????
80003689,501_20_SKILL_03,[2Q] ????_????_03 ???? ?? ?? ??
80003690,501_20_SKILL_04_1,[2Q] ????_????_04_1 ???? ??? ??
80003691,501_20_SKILL_04_2,[2Q] ????_????_04_2 ???? ??? ??
80003692,501_20_SKILL_05,[2Q] ????_????_05 ???? ???
80003693,501_20_SKILL_06,[2Q] ????_????_06 ???? ???
0,,
0,,
0,,
0,,
0,,
0,,
0,,
0,,
0,,
0,,
0,,
0,,
0,,
0,,
0,,
0,,
0,,
0,,
0,,
0,,
0,,
0,,
0,,
0,,
0,,
0,,
0,,
0,,
0,,
0,,
0,,
0,,
0,,
0,,
0,,
0,,
0,,
0,,
0,,
0,,
0,,
0,,
0,,
0,,
0,,
0,,
0,,
0,,
0,,
0,,
0,,
0,,
0,,
0,,
0,,
0,,
0,,
0,,
0,,
0,,
0,,
0,,
0,,
0,,
0,,
0,,
0,,
0,,
0,,
0,,
0,,
0,,
0,,
0,,
0,,
0,,
0,,
0,,
0,,
0,,
0,,
0,,
0,,
0,,
0,,
0,,
0,,
0,,
0,,
0,,
0,,
0,,
0,,
0,,
0,,
0,,
0,,
0,,
0,,
0,,
0,,
0,,
0,,
0,,
0,,
0,,
0,,
0,,
0,,
0,,
0,,
0,,
0,,
0,,
0,,
0,,
0,,
0,,
0,,
0,,
0,,
0,,
0,,
0,,
0,,
0,,
0,,
0,,
0,,
0,,
0,,
0,,
0,,
0,,
0,,
0,,
0,,
0,,
0,,
0,,
0,,
0,,
0,,
0,,
0,,
0,,
0,,
0,,
0,,
0,,
0,,
0,,
0,,
0,,
0,,
0,,
0,,
0,,
0,,
0,,
0,,
0,,
0,,
0,,
0,,
0,,
0,,
0,,
0,,
0,,
0,,
0,,
0,,
0,,
0,,
0,,
0,,
0,,
0,,
0,,
0,,
0,,
0,,
0,,
0,,
0,,
0,,
0,,
0,,
0,,
0,,
0,,
0,,
0,,
0,,
0,,
0,,
0,,
0,,
0,,
0,,
0,,
0,,
0,,
0,,
0,,
0,,
0,,
0,,
0,,
0,,
0,,
0,,
0,,
0,,
0,,
0,,
0,,
0,,
0,,
0,,
0,,
0,,
0,,
0,,
0,,
0,,
